Alabama,AL,
Alaska,AK,Old World Delicatessen
Arizona,AZ,
Arkansas,AR,
California,CA,Let's Stop N Shop
Colorado,CO,
Connecticut,CT,
Delaware,DE,
District of Columbia,DC,
Florida,FL,
Georgia,GA,
Hawaii,HI,
Idaho,ID,Save-a-lot Markets
Illinois,IL,
Indiana,IN,
Iowa,IO,
Kansas,KS,
Kentucky,KY,
Louisiana,LA,
Maine,ME,
Maryland,MD,
Massachusetts,MA,
Michigan,MI,
Minnesota,MN,
Mississippi,MS,
Missouri,MO,
Montana,MT,The Cracker Box
Nebraska,NE,
Nevada,NV,
New Hampshire,NH,
New Jersey,NJ,
New Mexico,NM,Rattlesnake Canyon Grocery
New York,NY,
North Carolina,NC,
North Dakota,ND,
Ohio,OH,
Oklahoma,OK,
Oregon,OR,Lonesome Pine Restaurant
Oregon,OR,Hungry Coyote Import Store
Oregon,OR,The Big Cheese
Oregon,OR,Great Lakes Food Market
Pennsylvania,PA,
Rhode Island,RI,
South Carolina,SC,
South Dakota,SD,
Tennessee,TN,
Texas,TX,
Utah,UT,
Vermont,VT,
Virginia,VA,
Washington,WA,Lazy K Kountry Store
Washington,WA,Trail's Head Gourmet Provisioners
Washington,WA,White Clover Markets
West Virginia,WV,
Wisconsin,WI,
Wyoming,WY,Split Rail Beer & Ale
