1,Beverages,"Soft drinks, coffees, teas, beers, and ales",https://images.freeimages.com/images/large-previews/1fe/colour-drinks-2-1522693.jpg
2,Condiments,"Sweet and savory sauces, relishes, spreads, and seasonings",https://images.freeimages.com/images/large-previews/474/ketchup-1324030.jpg
3,Confections,"Desserts, candies, and sweet breads",https://images.freeimages.com/images/large-previews/b20/pie-1325497.jpg
4,Dairy Products,Cheeses,https://images.freeimages.com/images/large-previews/fbb/cheese-1325745.jpg
5,Grains/Cereals,"Breads, crackers, pasta, and cereal",https://images.freeimages.com/images/large-previews/6f7/cereal-1564787.jpg
6,Meat/Poultry,Prepared meats,https://images.freeimages.com/images/large-previews/b95/chicken-1576345.jpg
7,Produce,Dried fruit and bean curd,https://images.freeimages.com/images/large-previews/b5a/fresh-vegetables-1187928.jpg
8,Seafood,Seaweed and fish,https://images.freeimages.com/images/large-previews/2c0/fish-1565795.jpg
